<?xml version="1.0" encoding = "UTF-8" standalone="no"?>
<!DOCTYPE cars [
<!ELEMENT cars (Budget)>
<!ELEMENT Budget (low,medium,high,luxorious)>
<!ELEMENT low (car1,car2,car3)>
<!ELEMENT medium (car1,car2,car3)>
<!ELEMENT high (car1,car2,car3)>
<!ELEMENT luxorious (car1,car2,car3)>
<!ELEMENT car1 (#PCDATA)>
<!ELEMENT car2 (#PCDATA)>
<!ELEMENT car3 (#PCDATA)>
<!ELEMENT fueltype (#PCDATA)>
<!ELEMENT status (#PCDATA)>
]>
<cars>
<Budget>
<low>
<car1>
<fueltype>
Petrol
<status>Available</status>
</fueltype>
</car1>
<car2>
Nano
<fueltype>
Petrol
<status>Not Available</status>
</fueltype>
</car2>
<car3>
Indica
<fueltype>
petrol
<status>Available</status>
</fueltype>
</car3>
</low>
<medium>
<car1>
SwiŌ
<fueltype>
Petrol
<status>Not Available</status>
</fueltype>
</car1>
<car2>
Brezza
<fueltype>
Diesel
<status>Available</status>
</fueltype>
</car2>
<car3>
i10 grand
<fueltype>
Diesel
<status>Available</status>
</fueltype>
</car3>
</medium>
<high>
<car1>
S-Cross
<fueltype>
Petrol
<status>Available</status>
</fueltype>
</car1>
<car2>
Innova
<fueltype>
Diesel
<status>Not Available</status>
</fueltype>
</car2>
<car3>
KIA
<fueltype>
Diesel
<status>Available</status>
</fueltype>
</car3>
</high>
<luxorious>
<car1>
Mercedes benz
<fueltype>
Diesel
<status>Available</status>
</fueltype>
</car1>
<car2>
Audi
<fueltype>
Diesel
<status>Not Available</status>
</fueltype>
</car2>
<car3>
BMW
<fueltype>
Diesel
<status>Available</status>
</fueltype>
</car3>
</luxorious>
</Budget>
</cars>